clusterhead_1,clusterhead_2,distance
5,9,291.605958
5,13,65.739293
5,15,166.321434
5,19,180.485270
5,25,322.639056
9,13,313.695919
9,15,441.087337
9,19,186.853022
9,25,131.133373
13,15,127.392462
13,19,164.406919
13,25,317.517316
15,19,283.046105
15,25,437.177645
19,25,154.241346
